name,sensor class,latitude,longitude
Berkeley-Aquatic Park,long_term,37.864731,-122.302703
Concord-2975 Treat Blvd,long_term,37.93917,-122.0247
Napa-Jefferson Avenue,long_term,38.31139,-122.2942
San Francisco-Arkansas Street,long_term,37.766109,-122.397781
San Rafael,long_term,37.972108,-122.518411
Sebastopol-103 Morris Street,long_term,38.403765,-122.818294
Vacaville-Ulatis Drive,long_term,38.356667,-121.95
Vallejo-304 Tuolumne Street,long_term,38.102501,-122.238052
